Term,Rate
8.22E-03,3.57E-02
0.260273973,3.79E-02
0.509589041,3.87E-02
0.75890411,3.89E-02
1.010958904,3.90E-02
1.509589041,3.90E-02
2.010958904,3.87E-02
3.010958904,3.86E-02
4.016438356,3.85E-02
5.01369863,0.038524266
6.01369863,3.85E-02
7.01369863,3.86E-02
8.01369863,3.86E-02
9.021917808,3.87E-02
10.01917808,3.88E-02
12.01643836,3.91E-02
15.02465753,3.89E-02
20.02191781,3.70E-02
25.02739726,0.035258709
30.03013699,3.39E-02
